MMSI,BaseDateTime,LAT,LON,SOG,COG,Heading,VesselName,IMO,CallSign,VesselType,Status,Length,Width,Draft,Cargo
368006860,2017-12-12T00:00:00,30.05109,-90.59255,0.0,5.0,252.0,LIZ HEALY,IMO9840685,WDJ7456,,0,,,,
367163370,2017-12-12T00:00:00,37.82899,-76.27910,0.0,253.8,511.0,SMUGGLER'S POINT,IMO8942759,WDD5770,1001,15,53.8,9.8,,
367755990,2017-12-12T00:00:01,30.17263,-89.76386,0.0,258.7,511.0,CROSBY DREDGER,,WDJ2183,1005,3,,,,
366871480,2017-12-12T00:00:01,30.37950,-91.22923,8.1,222.2,217.0,MARGUERITE L TERRAL,IMO8976530,WDB2020,1025,12,30.14,9.8,,
367646240,2017-12-12T00:00:01,31.95264,-80.65129,3.0,110.5,511.0,JESSICA MARIE,,WDH7241,1001,0,19.96,,,
367652650,2017-12-12T00:00:01,33.34703,-118.32277,0.2,358.6,511.0,TWO HARBORS,,WDH7890,1012,0,24.75,6.4,,
367712180,2017-12-12T00:00:01,34.74879,-92.24054,0.0,360.0,511.0,JEFFREY LEE,,WDI5793,1025,15,14.05,,,
367430030,2017-12-12T00:00:01,29.93370,-89.99702,0.0,253.0,307.0,SAINT CHARLES,,WDF2626,1025,0,23.77,9.8,,
366995450,2017-12-12T00:00:00,30.44105,-91.22707,3.3,301.2,293.0,DELOS CASE,,WDC2600,1025,0,19.81,7.9,,
367949000,2017-12-12T00:00:04,58.35791,-134.68331,13.4,352.3,511.0,CG LIBERTY,,NJHT,1018,0,33.53,6.4,,
357428000,2017-12-12T00:00:02,27.87668,-97.28384,0.0,249.5,251.0,LEWEK CONSTELLATION,IMO9629756,3FOT,1005,3,178,46,,
367704430,2017-12-12T00:00:02,34.71518,-76.66321,0.0,253.0,511.0,CRYSTAL COAST LADY,IMO8967632,WDI5027,1012,15,24.47,7.86,,
367617020,2017-12-12T00:00:03,41.58829,-71.40826,0.1,21.9,71.0,BUCKLEY MCALLISTER,IMO9665449,WDH4370,1025,0,29.26,10.36,,
477066700,2017-12-12T00:00:03,34.92227,-123.84304,13.8,102.1,102.0,MOL BEACON,IMO9713337,VROB9,1004,0,337,48.2,,
367005190,2017-12-12T00:00:03,30.51271,-88.02137,7.7,175.0,511.0,JOHNNY SR,,WTP4938,1025,15,22.56,8.5,,
367782690,2017-12-12T00:00:01,40.64673,-74.02701,1.2,115.5,118.0,H202,,WDJ4943,1012,0,,,,
566913000,2017-12-12T00:00:04,29.32950,-94.57767,0.0,115.0,221.0,MTM MUMBAI,IMO9242338,9V2085,1024,1,183,32.23,,
367008090,2017-12-12T00:00:02,40.47105,-73.84587,6.5,193.1,197.0,NEW YORK,IMO7437068,WZH4694,1005,0,49.54,10.37,,
366995840,2017-12-12T00:00:04,29.75252,-95.09422,6.3,201.8,205.0,BIG AL,,WDC2635,1025,0,17.19,6.7,,
366938750,2017-12-12T00:00:05,41.66649,-87.44300,0.0,292.1,226.0,ST CLAIR,IMO7403990,WZA4027,1004,0,234.73,28.05,,
477669700,2017-12-12T00:00:06,25.74993,-79.45634,12.9,188.9,187.0,DA MING SHAN,IMO9779745,VRPU5,1024,0,139,,,
367700110,2017-12-12T00:00:07,57.04975,-135.33046,0.0,360.0,511.0,SALVATION,,WDI4595,1025,0,18.68,,,
367756280,2017-12-12T00:00:06,32.08194,-81.06541,0.0,282.0,511.0,ARKANSAS,,WDJ2212,1025,0,,,,
566847000,2017-12-12T00:00:07,27.79129,-96.96089,4.4,300.9,304.0,MAREX EXPRESS,IMO9596260,9VFV6,1024,0,183.17,32.2,,
367162830,2017-12-12T00:00:05,29.36484,-94.89221,0.0,9.7,249.0,JOHN P PASENTINE,,WDD6356,1025,0,26.15,9.8,,
367757210,2017-12-12T00:00:07,26.30869,-79.98826,4.1,164.0,511.0,DON JAIME,IMO7367263,WDJ2311,1025,0,29.32,8.23,,
367486160,2017-12-12T00:00:06,29.26122,-89.36282,0.0,0.0,511.0,HEATHER LYNN,,WDF7600,1025,3,18.29,6.7,,
367545860,2017-12-12T00:00:06,29.14121,-89.59581,0.1,320.0,511.0,MS KERCI,IMO8968179,WDG5359,1005,3,41.15,9.75,,
273399150,2017-12-12T00:00:07,29.73388,-95.12986,1.8,106.5,100.0,POLA AUGUSTA,IMO9385087,UHHS,1004,0,177.13,28.4,,
367352690,2017-12-12T00:00:08,27.90385,-82.40843,0.0,217.0,511.0,C-COURAGEOUS,IMO9132260,WDE4403,1010,0,67.69,17.23,4.9,99
367003580,2017-12-12T00:00:06,30.20943,-91.05117,5.3,287.5,284.0,CSS ARKANSAS,,WDC3181,1025,0,17.01,7.3,,
367710250,2017-12-12T00:00:07,38.82826,-90.10881,0.0,360.0,511.0,EAGER BEAVER,,WDI5599,1025,15,14.05,5.5,,
367465260,2017-12-12T00:00:09,57.78596,-152.41619,0.1,164.3,244.0,FLYING OCEAN,IMO8124216,WDF5611,1001,15,29.9,7.32,,
538004203,2017-12-12T00:00:08,33.51733,-118.12695,9.7,339.2,338.0,MOL MODERN,IMO9475636,V7VS6,1004,0,302,43.4,,
355401000,2017-12-12T00:00:07,29.92420,-89.93648,0.0,354.0,272.0,AMIS WISDOM I,IMO9426764,3FCD8,1004,0,199.98,32.26,,
367627530,2017-12-12T00:00:01,55.34372,-131.65124,0.1,321.8,511.0,BARANOF QUEEN,,WDH5394,1001,,14.9,5.2,,
366943880,2017-12-12T00:00:00,59.43736,-151.71640,0.1,32.8,511.0,JOANN MARIE,,WDH6884,1001,,16.03,5.4,,
366899260,2017-12-12T00:00:00,34.24459,-119.26467,0.0,222.2,511.0,ISLAND ADVENTURE,,WDG9106,1012,0,19.69,7.2,,
269008000,2017-12-12T00:00:00,34.95443,-127.66302,12.4,245.1,243.0,HELVETIA,IMO9614696,HBEO,1004,0,161.48,25.2,,
367753210,2017-12-12T00:00:00,30.07457,-90.89995,0.0,360.0,511.0,MR RUBEN,IMO9785251,WDI9894,1025,0,,,,
305346000,2017-12-12T00:00:01,44.95502,-125.19470,17.4,176.6,177.0,CAP PASADO,IMO9311799,V2DV4,1004,0,221.62,29.8,,
367512840,2017-12-12T00:00:01,29.91841,-89.96761,3.2,237.4,229.0,SECRETARIAT,,WDG2166,1025,0,21.95,,,
212346000,2017-12-12T00:00:01,46.09904,-122.93935,0.0,108.4,107.0,AFROESSA,IMO9666522,5BZH3,1004,5,224.98,32.26,,
367317850,2017-12-12T00:00:01,29.73790,-95.12148,0.1,116.7,511.0,JOHN C.LAQUAY,,WDD9903,33,15,45,12,0.0,33
367345040,2017-12-12T00:00:00,29.05824,-90.82458,20.4,63.0,511.0,SUN FIGHTER,,WYB6722,1012,0,18.68,5.2,,
367645460,2017-12-12T00:00:02,40.36893,-91.43299,7.2,235.9,238.0,STEPHEN L COLBY,,WDH7165,1025,9,43.89,12.2,,
366990570,2017-12-12T00:00:02,41.50086,-73.99915,8.8,254.2,511.0,CAPT MARK SUMMERS,,WDC2283,1012,0,18.9,6.1,,
366947000,2017-12-12T00:00:01,47.62923,-122.38216,0.0,208.9,183.0,NORTHERN GLACIER,IMO8225101,WRC6707,1001,7,61.27,13.72,,
367649420,2017-12-12T00:00:03,41.50887,-88.09691,0.0,7.8,511.0,DAVID E,,WDH7570,1025,0,28.99,,,
367622240,2017-12-12T00:00:03,29.74187,-84.99747,0.0,264.9,511.0,CREEK,,WDH4870,1025,15,24.54,9.1,,
367168450,2017-12-12T00:00:03,27.80617,-96.96572,22.9,348.7,343.0,ARANSAS PILOT II,,WDD6111,1005,5,15.85,5.1,,
367314380,2017-12-12T00:00:03,29.94920,-90.30320,4.1,36.3,511.0,HAROLD ANCAR,,WDD9645,1025,15,19.72,7.3,,
367707930,2017-12-12T00:00:02,40.64143,-74.12957,0.0,138.1,286.0,JONATHAN C MORAN,IMO9799288,WDI5374,1025,0,27.04,,,
367589210,2017-12-12T00:00:04,32.82523,-79.93310,0.0,29.5,511.0,GALE,,WDG9578,1025,5,19.96,7.9,,
311000112,2017-12-12T00:00:04,33.27050,-121.00217,7.3,290.0,295.0,POLARIS VOYAGER,IMO9665748,C6AP4,1024,0,275.6,48,,
366904940,2017-12-12T00:00:05,46.80270,-92.02262,13.0,242.7,242.0,PAUL R TREGURTHA,IMO7729057,WYR4481,1004,0,308.77,32.16,,
367627450,2017-12-12T00:00:04,25.78050,-80.18050,0.0,134.8,511.0,GEORGE T MORAN,IMO9764116,WDH5386,1025,0,28.18,11.51,,
367477330,2017-12-12T00:00:06,21.31528,-157.87883,1.8,272.0,511.0,VAK 3,,WDF6735,1001,,20.12,6.7,,
366977380,2017-12-12T00:00:06,33.57887,-117.87764,0.9,120.2,511.0,FREELANCE,,WSP9410,1012,0,21.67,,,
367003460,2017-12-12T00:00:07,30.36526,-88.56593,1.8,79.8,511.0,JOCK,,WDF2423,1025,0,26.24,9.1,,
367742790,2017-12-12T00:00:07,33.74923,-118.11515,0.0,74.8,511.0,GOOD KARMA,,WDI8854,1019,,,,,
316014803,2017-12-12T00:00:08,48.98200,-126.20705,8.4,96.3,100.0,NORDIC PEARL,IMO8825896,CFK9324,1001,7,29.9,9.2,,
367020610,2017-12-12T00:00:11,35.10147,-75.56722,7.3,227.0,511.0,PACIFICS,IMO8938693,WDC4193,1001,,22.46,6.71,,
367197320,2017-12-12T00:00:11,24.83645,-81.90921,3.2,189.8,511.0,MISS THERESA,IMO8958540,WDD8289,1001,,29.87,7.62,,
367603360,2017-12-12T00:00:12,28.38955,-80.66702,0.0,286.8,511.0,JOHN WILLIAM,,WDH3007,1019,,11.28,,,
367003870,2017-12-12T00:00:10,30.30460,-91.61786,5.5,146.1,511.0,RYAN,IMO8976592,WDF2431,1025,12,26.24,9.14,,
367402670,2017-12-12T00:00:09,43.33600,-124.32036,0.0,0.0,511.0,DAY STAR,,WDE8198,1001,0,18.47,6.5,,
367761740,2017-12-12T00:00:00,29.73958,-95.11902,0.0,360.0,511.0,GENERAL PATTON,,WDJ2788,1003,15,,,,
477524900,2017-12-12T00:00:00,41.49744,-71.34888,11.9,358.0,357.0,ZHEN ZHU HAI,IMO9738088,VROT8,1004,0,179.98,,,
366985270,2017-12-12T00:00:01,37.81336,-122.40729,12.6,119.7,124.0,HARBOR EMPEROR,,WCY6430,1012,0,25.3,9.8,,
367530080,2017-12-12T00:00:01,45.60085,-122.77726,1.0,92.4,511.0,SOMMER S,IMO9669811,WDG3830,1025,0,23.62,10.97,,
374275000,2017-12-12T00:00:02,37.33310,-76.10506,14.8,9.0,10.0,IYO SEA,IMO9722455,3FAO8,1004,0,179.97,,,
367558410,2017-12-12T00:00:00,29.75866,-94.05904,5.1,50.5,50.0,ERIN C GRENON,,WDG6570,1025,0,23.16,,,
367578550,2017-12-12T00:00:00,33.97879,-119.61944,8.8,286.2,511.0,FERRIGNO BOY,IMO7940376,WDG8537,1001,,21.19,7.19,,
367780640,2017-12-12T00:00:00,29.72200,-94.11177,6.8,55.0,51.0,LENNY J,,WDJ4738,1025,15,22.71,8.2,,
367762080,2017-12-12T00:00:01,32.85453,-79.95273,0.0,330.2,237.0,JEFFREY MCALLISTER,IMO9813606,WDJ2825,1025,0,,,,
367604120,2017-12-12T00:00:00,29.92484,-90.20134,6.0,248.5,76.0,EUGENIE CENAC,,WDH3084,1025,0,23.56,,,
367148870,2017-12-12T00:00:01,39.94162,-75.14094,0.0,0.0,511.0,FREEDOM ELITE,,WDD4775,1012,15,24.63,6.1,,
311805000,2017-12-12T00:00:02,24.39707,-81.84591,10.6,221.8,220.0,RHAPSODY OF THE SEAS,IMO9116864,C6UA2,1012,0,278.94,35.64,,
367333770,2017-12-12T00:00:02,40.44465,-80.02653,0.0,336.9,114.0,EVAN MICHAEL MURRAY,,WDH3369,1025,15,23.84,8,,
367362460,2017-12-12T00:00:02,29.74528,-95.09704,0.0,281.9,511.0,B L DARNELL,,WDE5130,1025,0,19.81,7.9,,
367680480,2017-12-12T00:00:02,37.54983,-76.33050,0.0,283.5,511.0,GALACTIC,,WDI2667,,,,,,
367327560,2017-12-12T00:00:01,29.65249,-94.26302,5.7,242.9,239.0,CINDY HULL,,WDE2631,1025,0,26.15,9.8,,
367738080,2017-12-12T00:00:03,47.62869,-122.39530,0.0,360.0,511.0,TEMPO,,WDI8385,1019,,13.41,,,
367683990,2017-12-12T00:00:03,29.59672,-94.39537,0.0,286.4,511.0,BEAU CAROLINE,,WDI3004,1005,15,25.3,,,
369008000,2017-12-12T00:00:04,37.00855,-76.19840,6.4,267.0,263.0,ELIZABETH ANNE,IMO9787510,WDI5309,1025,0,30.48,,,
311000393,2017-12-12T00:00:05,38.48093,-74.67767,11.9,322.8,320.0,CHALLENGER,IMO9722792,C6BX6,1024,0,225,,,
367666930,2017-12-12T00:00:05,40.92121,-73.16539,0.0,0.0,511.0,S-251SMITHTOWNDPS,,WDH9329,,0,,,,
367376640,2017-12-12T00:00:05,38.40853,-82.58463,0.0,85.2,311.0,MAP RUNNER,,WDE6160,1025,0,19.81,7.9,,
367596440,2017-12-12T00:00:06,29.46262,-89.68773,0.0,261.5,511.0,BATTLER,,WDH2322,,15,14.48,,,
367766740,2017-12-12T00:00:04,30.06948,-90.89562,0.1,243.6,511.0,SHAWN WILLIAMS,,WDJ3307,1025,0,,,,
338198876,2017-12-12T00:00:06,41.51445,-90.50796,1.1,337.0,511.0,CLEVA LEE,,WCY7707,1025,0,12.13,,,
367174060,2017-12-12T00:00:06,41.63365,-70.90732,0.1,239.0,86.0,EAGLE,IMO8705864,WCX5125,1012,0,71.02,18.3,,
367756350,2017-12-12T00:00:06,36.84224,-76.28996,8.5,102.1,104.0,MAXWELL PAUL MORAN,IMO9812559,WDJ2221,1025,0,,,,
366986350,2017-12-12T00:00:07,38.58053,-90.21948,0.0,248.6,511.0,SIDEWINDER,,WDC2004,1025,15,12.74,5.5,,
367767310,2017-12-12T00:00:08,27.84352,-97.07001,5.7,159.0,511.0,MICHAEL W BEHRENS,,WDJ3363,1012,15,,,,
367046140,2017-12-12T00:00:08,32.72297,-117.22708,0.0,360.0,511.0,JIG STRIKE,,WDC5769,1012,0,15.73,5.1,,
538005271,2017-12-12T00:00:11,27.51691,-94.24809,13.0,317.4,316.0,STENAWECO EVOLUTION,IMO9687942,V7CJ6,1024,0,183,32.2,,
319676000,2017-12-12T00:00:09,26.08857,-80.18227,0.0,152.9,258.0,WANDERLUST,IMO9465100,ZCTS,1013,0,49.95,9.31,,
367484260,2017-12-12T00:00:12,29.78840,-95.08046,0.0,288.2,511.0,SAVAGE HERITAGE,,WDF7414,1025,15,25.76,10.7,,
319619000,2017-12-12T00:00:08,26.71444,-80.04911,0.0,256.7,271.0,TOP FIVE,IMO9334478,ZCOR3,1019,0,47.9,9,2.3,37
367003370,2017-12-12T00:00:08,30.07070,-93.34269,0.0,48.9,511.0,GREGORY,,WDF2419,1025,12,21.34,8.5,,
367534010,2017-12-12T00:00:07,29.77143,-95.10181,0.0,273.4,511.0,SOPHIA GOLDING,,WDG4196,1025,0,27.49,,,
636011527,2017-12-12T00:00:13,20.02450,-70.63133,13.2,104.0,103.0,ORANGE SKY,IMO9228370,ELZU2,1024,0,171.59,27,,
338167758,2017-12-12T00:00:11,29.97292,-93.87362,0.0,308.3,511.0,RAMBLER 2,,,,,,,,
367135560,2017-12-12T00:00:13,31.88706,-81.08407,6.5,319.4,511.0,DADDY'S BOY,IMO8939520,WDD3742,1001,,23.23,7.32,,
367718020,2017-12-12T00:00:13,38.23853,-81.55354,0.0,360.0,511.0,COMPASS POINT,,WDI6371,1025,0,16.22,,,
477454900,2017-12-12T00:00:00,34.09625,-129.03403,19.7,96.8,96.0,OOCL GENOA,IMO9613587,VROK9,1004,0,334.82,,,
366995660,2017-12-12T00:00:01,41.45273,-88.16711,0.0,316.6,351.0,DIXIE CHALLENGE,,WDC2619,1025,12,30.63,10.4,,
367395250,2017-12-12T00:00:00,26.09307,-80.17168,0.0,255.7,88.0,BEACH GIRL,,WDE7602,1019,0,35.48,7.8,,
367507730,2017-12-12T00:00:00,28.14675,-96.90102,0.0,318.0,226.0,SAN ANTONIO,,WDF9683,1025,0,23.77,10.4,,
353295000,2017-12-12T00:00:01,34.54038,-121.25265,13.9,113.3,112.0,NYK AQUARIUS,IMO9262704,HPPZ,1004,0,299.9,40,,
367306940,2017-12-12T00:00:01,38.53970,-90.25169,0.2,320.0,511.0,MISS SHIRLEY,,WDD9105,1025,15,20.73,7.9,,31
367786830,2017-12-12T00:00:01,19.86847,-155.04835,2.2,190.3,511.0,JULIA,,WDJ5355,1019,,,,,
367015310,2017-12-12T00:00:01,30.65942,-88.04099,0.0,159.4,511.0,MISS MARION,,WDI5380,1025,15,15.39,6.7,,
366996690,2017-12-12T00:00:02,35.11935,-90.09702,5.9,80.5,511.0,LEVITICUS,,WDC2712,1025,0,42.21,11.6,,
367057530,2017-12-12T00:00:02,29.91627,-89.92206,0.1,209.8,279.0,SONNY IVEY,,WDC6528,1025,0,40.08,10.7,,
367326780,2017-12-12T00:00:01,48.13271,-123.42940,11.7,268.9,511.0,SEALTH ARROW,,WCX9294,1012,0,16.15,3.7,,
366759130,2017-12-12T00:00:03,47.61998,-122.51308,0.0,296.9,294.0,WSF PUYALLUP,IMO9137363,WCY7938,1012,15,138,27,,
367750350,2017-12-12T00:00:03,29.43146,-84.94762,2.2,251.8,511.0,ICHIBAN,,WDI9605,1001,,,,,
367480070,2017-12-12T00:00:03,28.55213,-96.83306,5.0,279.4,278.0,JOSEPHINE DEVALL,,WDF6999,1025,12,23.16,10.4,,
367702470,2017-12-12T00:00:02,29.92899,-90.19345,0.3,7.5,246.0,SAFETY LEGEND,,WDI4831,1025,0,21.34,8.5,,31
367612240,2017-12-12T00:00:04,31.24787,-91.95871,0.0,277.0,511.0,NICHOLAS,,WDH3914,1025,15,19.66,,,
339624000,2017-12-12T00:00:03,25.75992,-80.14642,4.4,310.1,310.0,SKYLER,IMO9831725,6YTF7,,0,,,,
367504990,2017-12-12T00:00:03,29.90591,-90.11893,0.0,285.4,288.0,DAVE ANDERSON,,WDF9422,1025,8,26.15,9.8,,
366925650,2017-12-12T00:00:05,32.81383,-117.34328,7.6,164.7,511.0,MAIREAD,,WDB6509,1019,,14.36,4.5,,
367739850,2017-12-12T00:00:03,40.73582,-73.97436,0.2,275.9,511.0,CAPITOL PRINCESS,,WDI8561,1012,7,18.9,6.7,,
366961420,2017-12-12T00:00:05,31.00996,-91.62613,0.0,337.5,248.0,JOHN M DONNELLY,,WDB8603,1025,0,56.54,15.2,,
367437150,2017-12-12T00:00:05,27.87201,-97.04458,0.0,157.4,196.0,SCOTT CAMP,,WDF3203,1025,0,26.15,9.8,,
367123550,2017-12-12T00:00:04,28.86135,-91.48275,10.7,73.3,511.0,BRIANA MARIE,IMO8988442,WDJ3840,1010,0,38.58,9.75,,
367476850,2017-12-12T00:00:05,37.90465,-76.12369,6.7,20.0,511.0,CAPT DALE,,WDF6689,1025,,15.54,6.1,,
538005602,2017-12-12T00:00:06,27.16851,-92.78447,11.8,193.6,192.0,SEA PEGASUS,IMO9598220,V7FJ2,1004,0,229,32.26,14.4,70
367665360,2017-12-12T00:00:06,35.07932,-90.13049,0.0,360.0,511.0,BETSY ROSS,,WDH9172,1025,15,17.25,,,
367406770,2017-12-12T00:00:05,29.95165,-90.02203,18.0,283.8,511.0,MARVIN G,,WDE8540,1012,0,14.33,5.2,,
367017440,2017-12-12T00:00:07,33.77082,-118.21212,0.0,319.2,511.0,PIPER INNESS,IMO8964109,WDC3984,1010,0,42.7,8.8,,
367177370,2017-12-12T00:00:05,40.72418,-73.96923,7.5,14.1,8.0,SARAH D,IMO7400510,WDI9093,1025,0,28.94,9.07,,
366553750,2017-12-12T00:00:05,29.92003,-90.07687,0.0,0.0,511.0,GEN ROY S KELLEY,IMO9077927,WCD4702,1018,15,28.96,7.9,,
367673340,2017-12-12T00:00:08,29.95390,-92.86405,3.8,66.7,511.0,J THOMAS,,WDH9961,1025,12,21.06,,,
367515090,2017-12-12T00:00:07,39.21165,-76.58143,0.0,231.7,511.0,GEORGETOWN,,WDG2383,1025,0,23.77,7.7,,
367004610,2017-12-12T00:00:06,30.11603,-91.02397,6.3,102.7,102.0,CAPT WHITEY,,WDC3246,1025,15,25.02,9.4,,
367162190,2017-12-12T00:00:08,57.78669,-152.41489,0.0,270.3,511.0,CHELLISSA,IMO8672885,WDD5693,1001,0,26.15,9.9,,
367797720,2017-12-12T00:00:07,28.60392,-80.48353,8.3,330.5,328.0,DAISY MAE,,WDJ6432,,0,,,,
367015670,2017-12-12T00:00:08,41.61394,-71.40783,0.0,282.2,511.0,RAINBOW,IMO8987345,WDC3878,1025,0,26.64,9.75,,52
367638110,2017-12-12T00:00:08,31.29721,-91.51377,6.7,191.0,194.0,RAYMOND GRANT ECKSTE,,WDH6452,1025,9,48.01,13.7,,
366933680,2017-12-12T00:00:07,29.24904,-95.00583,7.2,220.9,219.0,CHARLES W CLARK,IMO8635514,WCP7548,1025,15,19.81,7.9,,
367590790,2017-12-12T00:00:00,35.19027,-90.05938,0.0,359.8,0.0,THERESA ECHOLS,,WDG9747,1025,12,30.48,,,
368488000,2017-12-12T00:00:00,57.77685,-152.41286,0.0,0.0,35.0,MELANIE,IMO8855061,WBR9969,1001,0,23.29,8.53,,
366984980,2017-12-12T00:00:00,40.64389,-89.61343,0.0,191.0,31.0,SIERRA DAWN,,WDB9913,1025,12,46.18,12.2,,
367741540,2017-12-12T00:00:02,56.80937,-132.96410,0.0,285.2,511.0,MARATHON,,WDI8728,1001,,15.3,6,,
338227000,2017-12-12T00:00:00,30.41094,-81.59693,0.0,325.5,248.0,OHIO,IMO9704776,WOHN,1024,0,183,32.2,,
367500230,2017-12-12T00:00:00,29.24051,-90.20893,0.0,266.7,511.0,MICHELLE,IMO9626338,WDF8945,1005,15,35.05,22.6,,
316004370,2017-12-12T00:00:01,41.84317,-82.33333,13.2,70.0,71.0,G3 MARQUIS,IMO9613941,XJBO,1004,0,225.55,23.81,,
367627470,2017-12-12T00:00:01,30.19551,-91.01975,0.0,281.7,511.0,RODNEY E SETTOON,,WDH5388,1025,0,15.24,,,
367350360,2017-12-12T00:00:02,41.89112,-87.60195,0.0,280.8,511.0,MYSTIC BLUE,,WCY3193,1012,0,42.34,11,,
367614860,2017-12-12T00:00:01,29.93796,-90.32592,0.0,237.1,261.0,SHERIDAN A,,WDH9115,1025,12,26.52,,,
367599280,2017-12-12T00:00:03,29.41433,-90.28116,0.0,360.0,511.0,CAPT WINNIE,,WDH2601,1001,15,20.73,,,
367402650,2017-12-12T00:00:03,39.09866,-81.74462,3.8,197.0,203.0,NANCY STURGIS,,WDE8196,1025,15,28.5,7.9,,31
367600830,2017-12-12T00:00:03,32.72315,-117.22684,0.0,360.0,511.0,LEGEND,,WDH2751,1012,0,21.76,6.8,,
366986690,2017-12-12T00:00:03,29.79741,-95.06789,0.0,303.7,511.0,TYLER T,,WCW9508,1025,12,14.02,5.5,,
215724000,2017-12-12T00:00:03,29.91165,-90.11232,0.0,15.0,271.0,VERMONT TRADER,IMO9292149,9HYN7,1004,0,294.1,32.2,,
367534680,2017-12-12T00:00:02,29.79025,-95.07815,0.1,236.1,13.0,CAPT NILES SHOEMAKER,,WDG4261,1025,0,25.76,,,
367791550,2017-12-12T00:00:04,40.74441,-73.97034,0.0,249.0,208.0,FLYER,,WDJ5814,1012,15,24.51,,,
316011409,2017-12-12T00:00:03,48.79498,-123.34144,21.1,183.0,183.0,COASTAL CELEBRATION,IMO9332779,CFN5145,1012,0,160,28.2,5.8,69
366980890,2017-12-12T00:00:04,46.75363,-92.09419,0.0,0.0,511.0,ARKANSAS,,WH8588,1025,15,22.8,6.1,,
367407750,2017-12-12T00:00:02,30.19588,-91.02362,8.0,145.7,148.0,GENIE,,WDF8288,1025,12,29.05,9.1,,
367428840,2017-12-12T00:00:07,55.34611,-131.66157,0.0,317.5,511.0,ETHAN B,IMO8851508,WDF2505,1025,15,19.14,7.83,,
265562190,2017-12-12T00:00:05,37.55150,-76.32998,0.0,0.0,511.0,SEAQWEST,,SFC5680,1019,,10.76,,,
367367390,2017-12-12T00:00:05,36.80433,-76.29081,0.3,84.4,181.0,DIAMOND COAST,,WBY3781,1025,0,25.6,9.1,,
338595000,2017-12-12T00:00:05,29.56374,-90.38839,0.0,301.6,32.0,ODYSSEA COUNT,IMO9264647,WDG8778,1010,0,63.09,16.15,,
255805961,2017-12-12T00:00:07,32.08508,-81.09529,6.3,129.8,511.0,MSC ALESSIA,IMO9225653,CQIH5,1004,0,300.01,40,,
367742990,2017-12-12T00:00:07,33.79326,-91.03527,0.0,292.7,511.0,TERRENE,,WDI8873,1025,15,,,,
367629990,2017-12-12T00:00:07,43.34604,-124.32309,0.0,176.2,511.0,APACHE,,WDH5646,1001,,11.73,,,
367631360,2017-12-12T00:00:07,33.61061,-117.90140,0.0,310.3,511.0,PRINCE OF TIDES,,WDH5775,1019,,21.12,,,
367505050,2017-12-12T00:00:07,29.98178,-90.39509,0.0,246.7,330.0,JAMES DAVISON,,WDF9427,1025,15,26.15,9.8,,
367682990,2017-12-12T00:00:07,30.34570,-91.19895,6.6,249.8,244.0,RENA MARIE,,WDI2909,1025,5,26.55,,,
367148710,2017-12-12T00:00:09,39.94150,-75.14045,0.0,195.0,511.0,SPIRITOFPHILADELPHIA,,WDD4763,1012,0,47.76,10.7,,
367007330,2017-12-12T00:00:07,47.62640,-122.27258,8.1,184.0,511.0,MISS NATALIE,,WDC3400,1025,0,14.05,4.2,,
367706270,2017-12-12T00:00:09,39.21235,-76.54117,0.0,279.4,511.0,MS JANET,IMO8852710,WDI5213,1025,0,28.8,8.63,,
367421740,2017-12-12T00:00:09,37.04880,-88.42602,0.0,325.8,73.0,BROOKE MCKENZIE,,WDE9826,1025,0,40.29,10.4,,31
367306570,2017-12-12T00:00:11,29.77088,-91.78283,4.6,128.9,123.0,ZELAND M DELOACH JR,,WDD9083,1025,15,23.16,9.1,,
367060490,2017-12-12T00:00:00,33.99063,-88.51268,0.3,276.4,511.0,BRIAN RAFFERTY,,WDC6732,1025,0,41.85,11.6,,
367678140,2017-12-12T00:00:00,29.94050,-92.90649,5.4,69.3,511.0,REX DOBSON,,WDI2437,1025,0,22.86,,,
367689620,2017-12-12T00:00:02,27.60317,-82.84033,0.8,126.6,81.0,MANATEE,,WDI3562,,0,16.15,,,
367683890,2017-12-12T00:00:03,53.85770,-166.55678,0.0,334.8,511.0,ALASKAN DEFENDER,IMO8127517,WDI2995,1001,7,51.84,10.37,3.8,30
367581120,2017-12-12T00:00:01,29.77748,-95.10198,0.0,282.9,511.0,STARDUST,,WDG8792,1025,0,22.86,,,
367110440,2017-12-12T00:00:03,29.64756,-93.70098,10.8,61.3,511.0,LEADER,,WDH8342,1010,0,32.58,7.9,,
367659970,2017-12-12T00:00:02,40.67256,-74.01711,0.0,360.0,511.0,SAM HOLMES,,WDH8629,1012,0,20.45,8.1,,
311000342,2017-12-12T00:00:04,29.83851,-87.79063,12.5,144.9,147.0,AFRICAN RAPTOR,IMO9727405,C6BR4,1004,0,199.98,32.24,,
367508330,2017-12-12T00:00:03,29.98419,-90.40442,0.1,276.9,141.0,CHOPS,,WDF9738,1025,0,28.71,9.8,,
367049470,2017-12-12T00:00:04,33.72140,-118.27129,0.1,317.9,511.0,STEPHEN M WHITE,,WCU6542,1005,15,15.76,4.7,,
366709780,2017-12-12T00:00:02,47.81340,-122.38577,0.1,133.9,106.0,WSF SPOKANE,IMO7214325,WYX2004,1012,15,134.12,26.52,,
367639270,2017-12-12T00:00:04,29.61627,-90.98658,4.0,309.3,511.0,DENNIS FROMENTHAL,,WDH6560,1025,12,23.77,,,
367137180,2017-12-12T00:00:04,32.76799,-79.91847,0.2,270.7,340.0,ALLIE B,IMO7626279,WDD3857,1025,0,35.36,9.76,,
367589320,2017-12-12T00:00:03,29.24122,-94.00002,6.2,278.2,511.0,BRAZOS,IMO9695303,WDG9589,1010,0,44.2,30.48,,
366943510,2017-12-12T00:00:05,36.76223,-76.29747,0.1,296.7,511.0,ROBERT B,IMO8521359,WAI6569,1025,5,30.48,9.15,,
338208466,2017-12-12T00:00:05,38.53854,-90.25602,0.0,76.6,511.0,JOHN F WALKER,,WCZ5857,1025,15,20.24,,,
338073000,2017-12-12T00:00:03,40.66087,-74.14738,0.0,157.4,295.0,JRT MORAN,IMO9794707,WDI3936,1025,0,27.01,,,
367193780,2017-12-12T00:00:05,29.94995,-90.38537,0.0,235.7,34.0,POINT ISABEL,,WDD7993,1025,0,21.95,9.1,,31
367759080,2017-12-12T00:00:06,29.76539,-95.08788,0.0,249.0,314.0,AMERICAN POWER,,WDJ2513,1025,12,,,,
367761650,2017-12-12T00:00:04,29.73526,-95.13256,4.3,108.0,511.0,CORPORAL,,WDJ2780,,0,,,,
367186610,2017-12-12T00:00:06,61.22489,-149.90931,0.0,240.6,128.0,STELLAR WIND,IMO9096911,WBS2983,1025,0,23.99,9.1,,
367473510,2017-12-12T00:00:06,36.63184,-76.05300,4.7,197.1,511.0,ISLAND EXPRESS,,WDF6367,1025,0,16.95,6.1,,31
367638090,2017-12-12T00:00:06,30.04154,-90.47171,0.0,42.0,335.0,BRUCE L HAHN,,WDH6451,1025,0,48.01,13.7,,
338225013,2017-12-12T00:00:05,47.63151,-122.32980,0.0,360.0,511.0,WHY KNOT,,,1019,,,,,
378112839,2017-12-12T00:00:07,32.65784,-117.11793,0.0,277.5,51.0,LACEY KAY,,ZJL9880,,0,,,,
367437840,2017-12-12T00:00:06,29.47010,-94.96165,0.0,251.4,511.0,NEDA J,,WDF3258,1025,15,21.64,7.9,,
636092020,2017-12-12T00:00:08,45.80300,-125.18585,5.2,182.6,176.0,CAP JACKSON,IMO9484560,A8VL6,1004,0,264.31,32.2,,
367458880,2017-12-12T00:00:08,42.61259,-70.65203,0.0,0.0,511.0,LADY JANE,IMO7944487,WDF5057,1001,0,19.76,6.71,,
367719540,2017-12-12T00:00:08,38.44353,-90.28301,0.0,311.4,511.0,SIOLA,,WDI6521,1025,15,15.39,,,
367425350,2017-12-12T00:00:08,29.55099,-94.90830,6.1,321.8,511.0,KYLIE M DUPRE,,WDF2142,1025,8,17.43,6.8,,
368883000,2017-12-12T00:00:09,36.63641,-75.07752,4.7,357.0,349.0,CG HAMILTON,,NMAG,1018,0,127.41,16.46,,
366972410,2017-12-12T00:00:09,29.77250,-95.10193,0.0,272.9,511.0,D W GILLIS,,WCP9623,1025,15,12.74,5.5,,
367402410,2017-12-12T00:00:09,37.08391,-88.59033,0.0,290.2,153.0,JANIS R BREWER,,WDE8175,1025,0,40.33,10.4,,31
369098000,2017-12-12T00:00:09,30.60108,-87.24738,0.0,0.0,344.0,HANNAH,IMO7932343,WDI7828,1025,15,23.17,8.08,,
367733320,2017-12-12T00:00:09,28.41593,-80.62349,0.0,264.0,2.0,FLORIDA,IMO9031179,WDI7898,1025,0,27.44,9.75,,
367057930,2017-12-12T00:00:10,29.97132,-93.85702,5.8,162.4,171.0,ANITA EVE SHARP,,WDC6563,1025,12,23.68,9.1,,
367450580,2017-12-12T00:00:11,46.16869,-123.91402,0.0,252.2,105.0,GRUMPY J,IMO7049433,WDF4332,1001,15,21.37,6.56,,
367414170,2017-12-12T00:00:13,27.76026,-82.63338,0.0,127.6,226.0,WEATHERBIRD II,IMO8952156,WDE9155,1020,5,35.05,8.53,2.4,33
316012308,2017-12-12T00:00:00,43.22739,-79.21665,6.1,357.0,358.0,SARAH DESGAGNES,IMO9352171,XJAB,1024,0,147.5,22.4,,
367404720,2017-12-12T00:00:01,27.76505,-82.42590,0.0,126.8,511.0,SEAQUEL,,WDE8372,1019,,11.7,3.7,,
367523070,2017-12-12T00:00:01,41.16599,-73.90329,23.7,310.5,511.0,WCPD M2,,WDG3155,,0,,,,
367736640,2017-12-12T00:00:01,29.83141,-93.95946,0.0,308.2,511.0,URSULA CENAC,,WDI8245,1025,10,,,,
366381650,2017-12-12T00:00:01,41.29468,-72.90417,0.0,119.1,511.0,OUTRAGEOUS,IMO8851302,WDE7310,1025,0,21.73,8.53,,52
367704010,2017-12-12T00:00:02,45.70443,-122.86788,0.1,10.1,511.0,TWO SMOOTH,,WDI4985,,,11.28,,,
338199061,2017-12-12T00:00:00,29.93831,-90.06074,0.2,357.4,511.0,EDWARD S NED REED,,,,15,,,,
367720970,2017-12-12T00:00:02,29.74272,-95.19631,0.0,297.3,254.0,LAWRENCE CAMPBELL,,WDI6665,1025,0,,,,
367660250,2017-12-12T00:00:02,29.90828,-90.12651,0.0,334.8,511.0,INDEPENDENCE,,WDH8658,1025,0,23.77,,,
366979050,2017-12-12T00:00:03,42.28042,-83.10155,8.5,22.1,22.0,JOETHOMPSON,IMO0949095,WAG3999,52,0,215,22,,
368784000,2017-12-12T00:00:02,30.38911,-81.54009,0.0,204.2,259.0,LIBERTY PEACE,IMO9777890,WLIU,1004,0,,,,
367003490,2017-12-12T00:00:03,30.47692,-91.19401,0.0,296.0,3.0,LYDIA,,WDF2364,1025,0,24.05,8.4,,
367672770,2017-12-12T00:00:03,38.22971,-85.84569,0.5,198.3,511.0,WAYNE MCBRIDE,,WDH9907,1025,12,17.13,,,
366993260,2017-12-12T00:00:05,29.81554,-91.54814,0.1,335.2,511.0,LUKE GUIDRY JR,,WDA2566,9,0,16,6,2.0,9
366963420,2017-12-12T00:00:05,38.30343,-90.37243,5.7,353.0,355.0,JAMES F NEAL,,WDB8736,1025,0,41.33,14.4,,
366919560,2017-12-12T00:00:07,55.30746,-131.62547,12.7,314.3,312.0,LITUYA,IMO9283148,WDB6180,1012,0,54.86,15.24,,
316001834,2017-12-12T00:00:04,46.03513,-83.86673,0.0,151.7,175.0,FRONTENAC,IMO6804848,VGNB,1004,0,222.44,22.97,,
367318540,2017-12-12T00:00:05,30.07403,-90.90708,0.0,239.0,322.0,COREY QUEBODEAUX,,WDD9957,1025,0,26.15,9.8,,
367532850,2017-12-12T00:00:05,30.03175,-90.61718,5.7,259.0,275.0,CAMILLE B BARRETT,IMO8836663,WDG4089,1025,12,59.44,16.46,,
368007120,2017-12-12T00:00:05,29.96329,-90.28517,6.9,242.8,511.0,CHRISTINE CENAC,,WDJ7480,1025,0,24.57,,,
367161940,2017-12-12T00:00:07,37.62368,-75.24892,7.2,35.7,36.0,KATHERINE,IMO7914585,WDD5676,1025,0,30.21,9.76,,
367530590,2017-12-12T00:00:08,29.96853,-93.85950,0.0,281.5,215.0,CAPT PAUL E LORD,,WDG3876,1025,0,20.33,,,
367658980,2017-12-12T00:00:09,42.37537,-71.04762,0.0,360.0,511.0,RENDEZVOUS,,WDH8534,1012,15,28.96,7.9,,
338156558,2017-12-12T00:00:09,34.21257,-77.95876,0.0,44.4,331.0,CAPTAIN GEORGE,,,1025,0,18.29,,,
366937050,2017-12-12T00:00:08,30.73152,-91.35777,0.9,324.3,511.0,KELLY LEE,,WDB7141,1025,0,42.06,11.6,,
338216331,2017-12-12T00:00:10,47.64419,-122.31475,0.0,142.5,511.0,SIERRA MOON,,,1019,,,,,
366990450,2017-12-12T00:00:00,47.26906,-122.82344,6.1,209.2,511.0,CHARLIE WELLS,,WAH4742,1012,0,19.81,10.7,,
367512630,2017-12-12T00:00:00,36.90850,-76.09217,4.8,187.6,194.0,NORFOLK,,WDG2147,,0,16.06,,,
367513170,2017-12-12T00:00:00,46.17750,-123.19917,1.3,42.3,511.0,LASSEN,IMO8652964,WDG2199,1025,0,20.12,7.4,,
367647050,2017-12-12T00:00:01,30.11540,-90.91890,0.0,283.4,511.0,USS CAIRO,,WDH7325,1025,0,20.73,,,
316001795,2017-12-12T00:00:01,41.89148,-82.94135,8.8,96.0,97.0,ALGOLAKE,IMO7423093,VCPX,1004,0,222.5,23.02,,
366989360,2017-12-12T00:00:00,38.09984,-122.26288,0.0,52.4,58.0,INTINTOLI,IMO9144653,WCX2709,1012,0,41.27,12,,
366750490,2017-12-12T00:00:02,28.94848,-95.32764,4.6,139.8,141.0,MISS ALINE,IMO9191096,WDH6048,1010,0,62.48,14.02,,
316027848,2017-12-12T00:00:01,49.30191,-123.08501,2.5,342.0,511.0,TYMAC TIDE,,,1025,15,10.72,,,
367006410,2017-12-12T00:00:02,29.57502,-90.59215,0.0,174.4,511.0,MARC MIYASAKI,,WDC3352,1025,15,33.86,9.1,,31
354745000,2017-12-12T00:00:02,28.14931,-79.40018,14.5,354.2,355.0,MSC TAMARA,IMO9351579,3EOC,1004,0,265.1,32.25,,
367300080,2017-12-12T00:00:02,29.60297,-89.86651,0.1,275.0,511.0,BIG RAY II,,WDD8587,1012,15,17.37,5.8,,
636014110,2017-12-12T00:00:00,28.59958,-92.14521,0.0,217.7,511.0,ENSCO 68,IMO8753627,A8RJ3,1007,15,79.6,69.35,,
367669380,2017-12-12T00:00:01,48.51300,-122.60821,0.0,360.0,511.0,LOOSE WIRE,,WDH9566,1019,,16.95,5.09,,
367541280,2017-12-12T00:00:01,38.84874,-90.10833,0.0,302.7,511.0,DENNY ANGEL,,WDG4902,1025,0,14.02,,,
367709830,2017-12-12T00:00:01,41.56893,-88.07734,0.0,360.0,511.0,MALLARD,,WDI5561,1025,0,25.3,,,
369970657,2017-12-12T00:00:01,35.07290,-90.11836,0.0,286.5,102.0,GEORGE C GRUGETT,,AENJ,,0,34.75,10.67,,
367385990,2017-12-12T00:00:01,26.09840,-80.16686,0.0,266.0,511.0,SOUTHERN PEARL,,WDE6875,1019,0,19.08,5.7,,37
338156658,2017-12-12T00:00:02,33.46004,-117.69749,0.0,315.4,511.0,LADY ANGELINA,,,1019,,19.69,,,
367005550,2017-12-12T00:00:02,30.07773,-93.27705,0.0,360.0,511.0,EARL GONSOULIN,,WDC3306,1025,15,21.34,8.5,,
367637760,2017-12-12T00:00:03,29.78152,-91.80439,4.8,120.4,118.0,CLARK TODD,,WDH6420,1025,0,24.66,,,
367516950,2017-12-12T00:00:03,18.88066,-67.31029,7.7,106.3,106.0,PATRICE MCALLISTER,IMO9215799,WDG2567,1025,0,33.5,10.4,,
338145944,2017-12-12T00:00:03,39.23147,-76.54609,2.9,133.9,149.0,BALTIMORE,,,1005,0,12.65,,,
366435740,2017-12-12T00:00:03,46.16783,-123.91435,0.0,0.0,511.0,GEORGE ALLEN,IMO7309613,WBT7376,1001,15,21.55,7.17,,
367033990,2017-12-12T00:00:03,32.72327,-117.22707,0.0,360.0,511.0,PRODUCER,,WDH9695,1012,0,18.9,6.4,,
369260000,2017-12-12T00:00:04,29.13317,-90.19359,0.0,137.7,162.0,GRACIE CANDIES,IMO9652208,WDG9022,1010,0,84.19,18.3,,
367754760,2017-12-12T00:00:06,27.92575,-82.44562,0.0,0.0,231.0,PARADISE ISLAND,IMO9752369,WDJ2048,1010,15,,,,
338143158,2017-12-12T00:00:05,34.24094,-77.95426,0.0,328.7,511.0,DREDGE BRUNSWICK,,,,3,82.3,,,
367551340,2017-12-12T00:00:04,40.69614,-74.14673,0.0,279.5,511.0,ALEX MCALLISTER,IMO8601159,WDG5889,1025,0,26.98,10.52,,
338224000,2017-12-12T00:00:05,47.60338,-122.34001,0.0,258.3,91.0,DOC MAYNARD,IMO8793316,WDI3125,1012,0,30.78,,,
366816410,2017-12-12T00:00:06,29.82217,-93.33857,0.0,194.4,511.0,BEAUREGARD,IMO8967498,WDA5093,1010,5,39.62,9.75,,
367561260,2017-12-12T00:00:06,29.10083,-89.97938,4.5,345.6,349.0,ELLA CLAIRE,IMO9702182,WDG6843,1010,0,37.6,10.36,,
368006670,2017-12-12T00:00:07,36.84095,-76.27208,0.0,38.4,19.0,BENSON GEORGE MORAN,IMO9824318,WDJ7434,,0,,,,
367030520,2017-12-12T00:00:09,34.49643,-90.59212,0.0,275.5,511.0,BIG DADDY,,WDC4779,1025,15,17.01,8,,
366999372,2017-12-12T00:00:09,34.80665,-87.62602,0.0,293.6,334.0,KENNETH EDDY,,AEAE,1018,15,,,,
367608470,2017-12-12T00:00:09,29.32387,-94.78364,0.0,310.5,311.0,SAN SALVADOR,,WDH3551,1025,0,26.52,,,
367517750,2017-12-12T00:00:10,30.06955,-93.34342,0.0,315.9,36.0,MARSHALL B BARNES,,WDG2645,1025,15,26.55,,,
367664870,2017-12-12T00:00:10,35.07910,-90.12998,0.0,308.6,511.0,JOY WEPFER,,WDH9126,1025,0,16.92,,,
338179782,2017-12-12T00:00:11,33.45828,-117.69585,0.0,318.7,511.0,ROYAL SLAM,,,1019,,10.52,,,
319070400,2017-12-12T00:00:12,41.48048,-71.31702,0.0,265.9,511.0,SUNLEIGH,,ZGEG6,,,,,,
367587920,2017-12-12T00:00:08,28.83235,-89.77911,0.1,259.9,101.0,HARVEY WAVE,IMO9700988,WDH2203,1010,0,61.37,14.64,,
367005480,2017-12-12T00:00:05,29.15006,-89.15316,0.0,296.0,511.0,CREOLE SHAWNEE,,WDC3301,1025,0,15.33,6.2,,52
367157580,2017-12-12T00:00:00,57.78590,-152.41057,0.5,280.4,511.0,POINT OMEGA,,WDD5390,1001,,20.51,6.7,,
339573000,2017-12-12T00:00:00,17.23458,-66.28484,13.0,124.2,122.0,TAKE 5,IMO8789535,6YTB4,1019,0,,,,
367327120,2017-12-12T00:00:00,41.28635,-70.09538,0.1,72.0,73.0,GAY HEAD,IMO8123418,WCY2060,1012,0,71.63,15.8,,
367458090,2017-12-12T00:00:00,33.99427,-88.50803,0.0,360.0,511.0,BARBARA LYNN,,WDJ3234,1025,15,14.9,6.4,,
367708860,2017-12-12T00:00:00,40.29938,-79.86812,4.5,156.6,511.0,MONONGAHELA,,WDI5468,1025,0,17.95,,,
538006709,2017-12-12T00:00:01,29.29003,-94.60525,11.2,141.1,144.0,SILVER ELLIE,IMO9692387,V7QK6,1024,0,183.06,,,
367472050,2017-12-12T00:00:02,33.46022,-117.69823,0.0,219.8,511.0,DESTINY,,WDF6231,1019,,19.6,5.5,,
366959080,2017-12-12T00:00:01,57.77779,-152.41277,0.0,352.2,511.0,JEANOAH,IMO8856508,WDB8474,1001,15,20.51,6.71,,
367060330,2017-12-12T00:00:00,46.30363,-124.04202,0.0,0.0,511.0,ANITA D,,WDI7169,1001,15,20.42,6.1,,
319022200,2017-12-12T00:00:01,26.11316,-80.10984,0.0,262.3,16.0,LA DOLCE VITA,,ZGCW6,1019,0,,,,37
367591250,2017-12-12T00:00:01,27.93333,-82.43420,0.0,316.4,288.0,PATRIOT,IMO9712046,WDG9802,1025,0,28.18,12.19,,
316003676,2017-12-12T00:00:00,49.10807,-123.29335,6.2,236.9,238.0,SEASPAN PACER,IMO6722325,VXSS,1025,0,29.04,7.9,,
367708360,2017-12-12T00:00:01,29.04470,-90.06782,3.1,237.0,511.0,ST VINCENT I,IMO8963985,WDI5420,1001,15,24.89,7.31,,
367628210,2017-12-12T00:00:00,30.26564,-91.32126,3.2,5.5,4.0,MARK-C,IMO7237456,WDH5469,1025,0,24.66,7.95,,
636015032,2017-12-12T00:00:03,54.62971,-166.30291,11.2,303.7,307.0,VENUS SPIRIT,IMO9505900,A8YD8,1004,0,183,30.2,,
367512870,2017-12-12T00:00:01,29.93666,-90.00208,0.0,101.3,304.0,CAPT TRACY L CHERAMI,,WDG2169,1025,0,26.55,,,
366701350,2017-12-12T00:00:03,32.83340,-79.92785,0.0,221.2,11.0,ROBERT,,WCV2718,1025,0,24.72,8.5,,
367512920,2017-12-12T00:00:01,29.76301,-95.11258,0.0,272.2,511.0,SANDPIPER,,WDG2173,1025,0,23.77,,,
316001252,2017-12-12T00:00:02,48.68901,-123.40945,0.0,42.2,242.0,QUEEN OF CUMBERLAND,IMO9009360,VG2029,1012,0,96,21.23,,
367340460,2017-12-12T00:00:03,27.82468,-97.43582,0.0,85.0,120.0,TRINA SMITH,,WDE3530,1025,0,26.15,9.8,,31
367787650,2017-12-12T00:00:03,29.93613,-90.32982,0.0,88.5,511.0,JUSTICE,,WDJ5437,1025,0,23.41,9.1,,52
477427500,2017-12-12T00:00:02,35.86547,-122.28722,12.2,325.0,324.0,COSCO BELGIUM,IMO9516404,VRLT8,1004,0,365.9,51.2,,
367594470,2017-12-12T00:00:02,29.78140,-95.09942,0.0,280.9,511.0,CAPT J W BANTA,,WDH2110,1025,15,23.99,,,
367687520,2017-12-12T00:00:03,41.65825,-88.05264,0.0,13.6,39.0,CHIPPEWA,,WDI3361,1025,0,22.56,,,
367593860,2017-12-12T00:00:04,41.22021,-73.96563,0.0,360.0,511.0,CHOCOLAT,,WDH2047,,,,,,
367785950,2017-12-12T00:00:04,29.56473,-90.73205,0.0,67.4,92.0,ROBERT M WHITE,,WDJ5263,1005,15,,,,
367768070,2017-12-12T00:00:04,30.04598,-90.47408,0.1,337.4,511.0,ROGER D,,WDJ3448,1025,0,21.95,9.1,,
316003289,2017-12-12T00:00:03,49.14410,-123.87169,0.0,149.3,192.0,PRINCESS SUPERIOR,IMO7343669,CZ4348,1004,15,117.9,20.2,,
367361740,2017-12-12T00:00:03,30.36317,-91.24443,3.3,10.0,23.0,RICHARD,,WDF2374,1025,12,29.05,9.1,,
365945334,2017-12-12T00:00:05,41.12898,-73.09857,3.0,235.0,511.0,BUCHANAN 1,IMO1048577,WDC2493,52,15,0,0,10.0,52
367044560,2017-12-12T00:00:05,33.76263,-118.26575,0.0,308.1,511.0,PHINEAS BANNING,,WCT8646,,15,15.76,4.7,,
319001400,2017-12-12T00:00:05,26.74888,-80.04894,0.0,240.6,178.0,AQUAVITA,IMO9548809,ZCYD7,1019,0,49.94,9.31,,
368005880,2017-12-12T00:00:06,29.95994,-90.29091,6.3,234.4,511.0,LOUISIANA STRONG,,WDJ7352,,15,,,,
366980220,2017-12-12T00:00:06,49.29973,-122.88171,0.0,274.6,511.0,ALYSSA ANN,IMO7939078,WBG4515,1025,0,29.14,8.23,,
367711830,2017-12-12T00:00:07,31.10034,-87.96539,2.7,30.5,32.0,AMERICAN COURAGE,,WDI5758,1025,12,22.86,,,
367047270,2017-12-12T00:00:06,46.15682,-123.06212,6.0,114.2,112.0,LIBERTY,,WDC5845,1025,0,31.61,10.4,,31
367679030,2017-12-12T00:00:07,30.52349,-91.73339,0.0,273.8,511.0,INEZ CENAC,,WDI2520,1025,0,21.06,,,
367292000,2017-12-12T00:00:07,25.97791,-80.01774,4.6,6.4,511.0,CG CONFIDENCE,,NHKW,1018,3,64.31,10.36,,
367596750,2017-12-12T00:00:07,27.81310,-97.22547,10.7,259.7,260.0,ZEUS,IMO9660968,WDH2353,1025,0,24.38,11.7,,
367080390,2017-12-12T00:00:07,31.11583,-87.95028,4.5,42.2,38.0,KEN T SMITH,,WDC8014,1025,0,29.57,10.4,,
368002250,2017-12-12T00:00:08,34.26432,-91.91332,5.1,345.9,511.0,DAVID CHOATE,,WDJ6998,1025,15,,,,
367108750,2017-12-12T00:00:08,30.03847,-90.67878,0.0,360.0,511.0,IAN K,,WCW6783,1012,0,15.24,5.8,,
367749970,2017-12-12T00:00:08,29.94210,-90.36615,0.1,293.2,511.0,LOUISIANA PARADISE,,WDI9569,1025,0,,,,
367350170,2017-12-12T00:00:09,29.72948,-95.13747,0.0,334.4,297.0,CAPT JACK GREEN,,WDE4207,1025,0,22.86,9.1,,31
367587190,2017-12-12T00:00:00,26.00944,-97.27028,5.7,238.6,511.0,BROWN WATER XI,,WDG9382,1025,0,16.82,7.3,,
367313850,2017-12-12T00:00:00,39.85803,-75.29420,0.0,360.0,511.0,CALCASIEU RIVER,,WDD9615,1012,15,11.83,4.3,,
367688340,2017-12-12T00:00:00,40.43615,-80.00756,0.0,360.0,511.0,THREE RIVERS QUEEN,,WDI3440,1012,15,26.73,9.1,,
366917530,2017-12-12T00:00:00,41.63332,-70.90690,0.1,70.0,266.0,SANKATY,IMO8108030,WCE6015,1012,0,71.63,15.85,,
366986220,2017-12-12T00:00:01,36.35670,-75.72829,6.9,164.1,511.0,CHRISMAR,IMO7733034,WDB9995,1001,,22.19,7.04,,
366999701,2017-12-12T00:00:00,28.41585,-80.62222,0.0,330.8,511.0,CG MORAY,,NJPZ,1018,0,26.52,5.79,,
366990040,2017-12-12T00:00:00,29.96248,-92.74506,0.0,291.0,280.0,KACIE LUHR,,WDC2252,1025,0,23.16,10.7,,31
369629000,2017-12-12T00:00:01,21.30941,-157.86996,0.0,360.0,511.0,MAJESTIC,IMO8986016,WDI7186,1012,0,45.11,9.14,,
366999508,2017-12-12T00:00:00,27.81091,-97.29637,8.9,270.2,267.0,CG MALLET,,NJEB,1018,5,22.86,6.71,,
367583480,2017-12-12T00:00:01,30.07984,-93.28093,5.9,297.1,297.0,MARY ROBERTS,,WDG9020,1025,0,26.15,9.8,,
368549000,2017-12-12T00:00:01,30.32344,-81.62622,0.0,262.4,511.0,SIGNET LIGHTNING,IMO8969305,WDH4885,1025,0,37.85,12.19,,
367638240,2017-12-12T00:00:01,39.62488,-91.23675,6.8,133.0,511.0,DAVID L FIELDS,,WDH6464,1025,0,40.87,14.6,,32
367692910,2017-12-12T00:00:01,40.80024,-91.09788,0.0,360.0,511.0,BURLINGTON,,WDI3883,1025,0,17.07,,,
367590860,2017-12-12T00:00:01,32.83346,-79.94279,0.0,196.0,248.0,SUN CHIEF,IMO8971566,WDG9758,1025,0,19.51,,,
367653030,2017-12-12T00:00:00,29.83300,-91.82467,3.2,112.5,105.0,NATIVE DANCER,,WDH7934,1025,0,23.16,9.1,,
351257000,2017-12-12T00:00:01,34.26818,-120.11209,12.4,285.6,283.0,DEVON BAY,IMO9622849,3FBE5,1004,0,189.99,32.25,,
367349170,2017-12-12T00:00:02,40.54080,-74.25399,0.0,294.5,511.0,EASTERN DAWN,,WDE4132,1025,15,15.7,6.7,,
367481590,2017-12-12T00:00:02,38.18524,-90.33041,4.4,141.5,511.0,ERNIE T WELLHAUSEN,,WDF7150,1025,15,19.81,7.9,,
367685950,2017-12-12T00:00:02,29.91465,-90.07724,0.0,243.8,247.0,CATHERINE MAUREEN,,WDI3210,1025,15,29.26,,,
338206593,2017-12-12T00:00:02,38.53860,-90.25593,0.0,7.0,511.0,WENDY ANN,,,1025,0,21.24,,,
316014060,2017-12-12T00:00:02,43.81850,-77.01900,14.5,248.0,248.0,ALGOMA STRONGFIELD,IMO9613953,CFG8305,1004,0,225.55,,,
367155810,2017-12-12T00:00:03,30.17798,-88.31594,2.8,273.4,511.0,OUR MOTHER,IMO8940426,WDD5260,1001,15,27.43,7.92,,
367010420,2017-12-12T00:00:03,41.25723,-72.03090,0.0,234.8,50.0,RACE POINT,,WDI5671,1012,0,49.38,10.1,,
367582980,2017-12-12T00:00:03,40.57991,-80.23519,0.0,360.0,511.0,DUQUESNE,,WDG8973,1025,0,18.93,4.9,,
367517960,2017-12-12T00:00:02,29.86328,-89.97697,8.7,192.3,511.0,MISS RACHEL,,WDG2665,1025,0,18.29,6.1,,
366715730,2017-12-12T00:00:04,40.68212,-74.01128,0.3,230.5,511.0,QUEEN OF HEARTS,,WDJ7357,1012,0,27.43,9.8,,
538006556,2017-12-12T00:00:03,46.37644,-125.02218,13.4,105.5,109.0,SEA RISING,IMO9642526,V7OK8,1004,0,225,32.26,,
367011410,2017-12-12T00:00:05,59.60560,-151.42552,0.0,0.0,511.0,KUSTATAN,IMO8856510,WAJ6882,1001,0,26.76,8.53,,
338199855,2017-12-12T00:00:05,21.31329,-157.86715,0.0,360.0,511.0,AHUA POINT,,,1013,0,,,,
367653490,2017-12-12T00:00:05,24.56068,-81.72268,0.1,11.6,511.0,CHRISTI C,,WDH7980,1025,15,20.12,,,
367729530,2017-12-12T00:00:05,38.40064,-82.56024,0.0,360.0,511.0,RAVEN,,WDI7520,1025,7,15.85,,,
367001510,2017-12-12T00:00:06,29.94010,-90.35582,0.0,293.4,511.0,PEARL C EYMARD,,WDC3017,1025,15,16,6.7,,
367006810,2017-12-12T00:00:05,30.38762,-91.21668,0.0,293.4,511.0,MIKE MCCASKILL,,WDC3367,1025,15,14.9,6.7,,
366977850,2017-12-12T00:00:05,33.73415,-118.26345,0.0,43.8,511.0,GLADYS S,,WDB9526,1012,0,27.43,6.4,,
366995980,2017-12-12T00:00:07,29.97219,-93.84488,0.0,88.4,511.0,CITY OF FREEPORT,,WDC2648,1025,0,20.57,8.5,,57
369284000,2017-12-12T00:00:07,29.13931,-93.80007,12.5,99.9,98.0,SEACOR MARLIN,IMO9823601,WDJ6273,1010,0,67.36,14.7,,
357977000,2017-12-12T00:00:03,38.14757,-121.69037,10.6,11.9,14.0,RISING SUN,IMO9700574,3ERF8,1004,0,179.99,28.2,,
366896060,2017-12-12T00:00:04,29.72052,-93.86512,0.0,272.5,239.0,SABINE BANK PILOT,,WDB4218,1005,0,21.64,5.2,,
367019860,2017-12-12T00:00:04,29.35531,-90.24993,0.0,360.0,511.0,LIA JANE,IMO8660507,WDC4148,1001,2,26.91,7.9,,
367577390,2017-12-12T00:00:04,27.85442,-97.23779,0.7,118.6,511.0,SIGNET MAGIC,IMO9706853,WDG8427,1025,0,24.38,10.97,,
366813530,2017-12-12T00:00:04,34.24450,-119.26494,0.0,0.0,511.0,ISLANDER,,WDA4825,1012,0,19.72,7.2,,
316001803,2017-12-12T00:00:04,43.42542,-78.66265,10.8,72.7,74.0,CAPT HENRY JACKMAN,IMO8006323,VCTV,1004,0,222.5,23.22,,
538005124,2017-12-12T00:00:03,28.62210,-87.98455,0.0,281.3,315.0,DEEPWATER PROTEUS,IMO9675171,V7BE3,1007,3,238,,,
367504980,2017-12-12T00:00:04,29.75002,-95.10627,0.0,240.3,320.0,SID MOLLER,,WDF9421,1025,0,26.15,9.8,,
367597230,2017-12-12T00:00:04,40.74061,-74.01243,0.0,223.6,275.0,FDNY 343,,WDH2404,1018,15,38.07,,,
367685540,2017-12-12T00:00:05,38.42524,-82.59597,3.9,148.6,511.0,WILLIAM B,,WDI3157,1025,0,16.09,,,
367421230,2017-12-12T00:00:09,57.04402,-135.28522,0.0,181.3,511.0,ST RUFINA,,WDE9783,1012,15,23.56,8.1,,
367484250,2017-12-12T00:00:07,29.78799,-95.08047,0.0,258.3,336.0,SAVAGE FOUNDER,,WDF7413,1025,0,25.76,10.7,,
366988450,2017-12-12T00:00:04,29.93873,-90.00635,0.0,263.6,511.0,WENDY C,,WDI9985,1025,15,18.84,7.3,,
367488450,2017-12-12T00:00:06,33.61400,-117.92704,0.0,0.0,511.0,THE ONE,,WDF7817,1019,,12.83,4.1,,
367772590,2017-12-12T00:00:06,29.96373,-93.85553,6.3,16.5,17.0,MARGARET ANNE,,WDJ3914,1025,0,,,,
367492340,2017-12-12T00:00:06,24.78994,-82.25855,3.0,271.7,511.0,BIG DADDY,IMO9242261,WDF8190,1001,15,23.95,7.3,,30
367744170,2017-12-12T00:00:06,47.65888,-122.37918,0.0,281.3,182.0,LADY ROSEMARY,IMO7730317,WDI8989,1001,0,23.47,6.84,,
367699290,2017-12-12T00:00:06,38.32710,-85.65688,0.0,360.0,511.0,KEVIN MICHAEL,,WDI4500,1025,15,16.76,6.7,,
367506050,2017-12-12T00:00:06,40.64576,-74.09562,0.0,278.6,239.0,HUNTING CREEK,IMO9569475,WDF9526,1025,0,29.16,9.75,,
367445570,2017-12-12T00:00:07,47.92276,-122.68467,0.0,360.0,511.0,ALASKA QUEST,,WDF3915,1013,0,20.27,5.5,,
367546860,2017-12-12T00:00:09,35.07923,-90.12997,0.0,278.0,511.0,BILL WEPFER,,WDG5456,1025,15,16.76,,,
367612510,2017-12-12T00:00:09,29.13016,-90.20157,0.0,326.9,340.0,HOS CRESTVIEW,IMO9647631,WDH3938,1010,0,97.4,19.5,,
367388530,2017-12-12T00:00:09,37.25315,-76.52803,0.0,272.3,511.0,FORT BRAGG,IMO8943935,WDE7065,1025,0,27.83,9.8,,
367765150,2017-12-12T00:00:11,29.39068,-91.36808,0.8,234.4,511.0,BELINDA B,,WDJ3137,1005,,,,,
367588830,2017-12-12T00:00:10,37.80723,-122.44159,0.0,300.8,511.0,SANARY-SUR-MER,,WDG9542,1019,,13.47,,,
366760650,2017-12-12T00:00:00,33.71435,-118.25606,8.8,277.8,279.0,LEADER,IMO9188568,WCY8495,1025,0,31.39,10.97,4.3,52
36704740,2017-12-12T00:00:00,30.21816,-89.86679,0.0,0.0,511.0,LITTLE BOB,IMO0000001,WAJ2546,52,0,17,7,3.0,52
367733180,2017-12-12T00:00:00,34.06667,-76.96234,11.8,229.5,511.0,MISS CHRIS,,WDI7886,1012,15,19.81,6.4,,
366937010,2017-12-12T00:00:00,30.50982,-91.23860,0.0,288.5,511.0,MISS KATHY,,WDB7137,1025,0,39.68,11.6,,
366960460,2017-12-12T00:00:00,29.83069,-93.96238,0.0,298.0,511.0,F LOGAN,,WDB8561,1025,0,17.4,7.3,,
367598980,2017-12-12T00:00:01,35.64499,-89.88099,4.8,333.8,511.0,CAPT PHILLIP BOX,,WDH2571,1025,5,40.66,,,
255805979,2017-12-12T00:00:01,28.36674,-88.85089,13.9,130.5,134.0,INDUSTRIAL SONG,IMO9750464,CQIJ7,1016,0,,,,
367503240,2017-12-12T00:00:00,29.97309,-93.84730,0.0,222.6,324.0,SAVAGE INSIGHT,,WDF9252,1025,0,28.22,10.4,,
367640610,2017-12-12T00:00:01,29.71976,-94.11547,4.5,225.8,511.0,BEN STRAFUSS,,WDH6685,1025,5,22.86,,,
367106750,2017-12-12T00:00:00,29.71826,-95.23753,0.0,295.5,241.0,BOYD GOLDING,,WDC9793,1025,12,22.56,10.1,,32
367663560,2017-12-12T00:00:01,29.72928,-95.05450,0.0,31.6,150.0,LYNNE,,WDH8988,1025,12,21.95,,,
367532910,2017-12-12T00:00:00,35.17835,-90.06125,5.8,358.0,0.0,DAVID M O'LOUGHLIN,IMO8846187,WDG4094,1025,0,53.64,13.72,,
367704150,2017-12-12T00:00:00,33.73422,-118.27727,0.0,360.0,511.0,KRISTINA,,WDI5000,1012,0,23.74,6.3,,
367651440,2017-12-12T00:00:01,43.65672,-70.24865,0.0,360.0,511.0,AUCOCISCO III,,WDH7764,1012,0,31.64,9.5,,
367766860,2017-12-12T00:00:01,34.54944,-120.84717,5.6,168.9,511.0,SEANA C,,WDJ3319,1025,0,21.43,7.3,,
367463060,2017-12-12T00:00:00,47.33182,-122.50777,0.0,22.8,12.0,WSF CHETZEMOKA,IMO9347669,WDF5502,1012,0,83.39,19.5,,
367442720,2017-12-12T00:00:01,26.80918,-79.81570,9.1,47.6,103.0,LAURA BELLE,,WDF3673,1019,,12.74,4.3,,
366874960,2017-12-12T00:00:00,29.77165,-95.10198,0.0,295.5,511.0,JOEL SMITH,IMO8644424,WDB2350,1025,0,23.77,8.53,,0
367306490,2017-12-12T00:00:02,39.26483,-76.57196,0.0,304.4,511.0,HARRIET MORAN,IMO7713498,WXT3652,1025,15,30.03,8.84,,
367613490,2017-12-12T00:00:00,29.09594,-89.27800,9.7,26.0,24.0,GREAT EXPECTATIONS,IMO9703693,WDH4032,1010,0,95.71,20.12,,
565835000,2017-12-12T00:00:02,48.48051,-125.22169,14.8,89.4,91.0,PROMETHEUS LEADER,IMO9338888,9VHE9,1004,0,190.03,28.2,9.3,70
367381610,2017-12-12T00:00:01,29.40434,-90.27339,0.0,360.0,511.0,CAPT CHAD MICHAEL,,WDE6547,1012,15,29.44,7.9,,
367712660,2017-12-12T00:00:02,47.56155,-122.62465,0.0,324.8,324.0,WSF CHIMACUM,IMO9801770,WDI5854,1012,0,110.4,25.35,,
366997410,2017-12-12T00:00:03,29.56547,-90.71390,0.1,260.9,511.0,WILTON LEBOEUF,,WDC2763,1025,15,16.37,5.8,,
366923440,2017-12-12T00:00:04,41.29383,-71.52633,15.6,8.6,8.0,CAROL JEAN,,WST2175,1012,0,51.02,11.9,,
367148470,2017-12-12T00:00:04,28.40900,-80.66506,0.0,0.0,511.0,MEGAN BEYEL,,WCZ2412,1025,0,32.58,7.9,,
367559840,2017-12-12T00:00:04,29.93238,-90.34223,5.8,267.6,511.0,MS DANIELLE,,WDG6707,1025,15,19.81,,,31
246865000,2017-12-12T00:00:05,18.45226,-66.11155,8.2,143.8,148.0,AVONBORG,IMO9466362,PCOF,1004,0,142.92,21.54,,
316330000,2017-12-12T00:00:03,46.94089,-84.91046,12.6,340.6,341.0,ACADIA DESGAGNES,IMO9651541,CFES,1004,0,119.8,18.2,,
369997000,2017-12-12T00:00:06,29.87331,-89.90072,0.0,289.4,20.0,BENYAURD,,AEEB,1025,15,51.82,0,,32
367005130,2017-12-12T00:00:06,41.19287,-72.99533,1.4,245.2,511.0,GULF DAWN,IMO6709725,WCY2448,1025,12,29.11,8.23,,
367615320,2017-12-12T00:00:05,39.11905,-84.70821,0.0,208.2,232.0,DISCOVERY,,WDH4210,1025,0,18.29,,,
367772180,2017-12-12T00:00:07,29.78480,-95.07221,0.0,262.3,45.0,JOE LOCHRICO,,WDJ3868,1025,0,,,,
310563000,2017-12-12T00:00:07,25.63645,-79.65255,14.4,139.8,145.0,ARCHIMEDES,IMO1009637,ZCDY4,1019,0,70.6,13.3,,
367668450,2017-12-12T00:00:05,40.70479,-73.97274,0.0,0.0,511.0,WILLIAM M FEEHAN,,WDH9474,,0,,,,
367016920,2017-12-12T00:00:09,42.60932,-73.76260,0.0,302.0,511.0,MARGOT,IMO5222043,WDC3949,1025,0,27.56,7.37,,31
352133000,2017-12-12T00:00:11,54.44558,-166.24950,11.0,274.0,278.0,GLOBAL GARLAND,IMO9378838,3FLY7,1004,0,175.53,29.4,,
367507790,2017-12-12T00:00:11,28.15948,-89.32206,11.2,86.2,86.0,HARVEY SUPPORTER,IMO9581227,WDF9689,1010,0,89.03,19.51,,
367012530,2017-12-12T00:00:09,39.71705,-75.51759,0.0,278.0,511.0,CAPT HARRY,IMO9266401,WDC3690,1025,0,24.37,9.75,4.0,52
367602770,2017-12-12T00:00:09,37.20006,-88.43565,0.0,202.0,330.0,NEW BLAINE,,WDH2945,1025,0,14.02,,,
338091307,2017-12-12T00:00:07,30.51589,-91.20301,0.0,278.4,511.0,BIG BEAR,,,1005,15,25.3,6,,
316021279,2017-12-12T00:00:08,48.43139,-123.42928,0.0,282.2,43.0,CFAV GLENDALE,,CGQD,,2,28.19,,,
367646910,2017-12-12T00:00:07,37.51226,-122.19285,0.0,0.0,511.0,DESTINY,,WDH7312,1019,,13.41,,,
367792310,2017-12-12T00:00:08,37.89110,-87.85912,0.0,323.2,149.0,KYLIE BROWN,,WDJ5894,1025,15,,,,
367317830,2017-12-12T00:00:08,39.76142,-74.10973,0.0,360.0,511.0,SOUTH BAY,,WDD9901,,15,,,,
366804020,2017-12-12T00:00:06,29.84641,-90.02756,5.9,52.2,511.0,CROSBY EXPLORER,,WDA3940,1025,0,18.5,7.9,,
367577650,2017-12-12T00:00:00,17.95657,-66.29160,0.0,135.1,511.0,FUJIMO,,WDG8450,1019,,12.8,,,
338032837,2017-12-12T00:00:02,33.98326,-118.44872,0.0,360.0,511.0,FANTASEA ONE,IMO303174162,WCZ2107,60,15,27,10,,
367001540,2017-12-12T00:00:00,29.10995,-90.47432,0.1,294.0,511.0,MISS ANNE,,WTN4465,1012,0,18.29,6.1,,
319051900,2017-12-12T00:00:02,26.11697,-80.10730,0.0,275.0,511.0,ORSO 3,,ZGDG5,,,12.19,,,
367768450,2017-12-12T00:00:03,29.94008,-90.36445,0.1,7.5,511.0,SOUTH CAROLINA,,WDJ3489,1025,0,,,,
209532000,2017-12-12T00:00:03,38.88653,-76.39564,12.0,6.8,7.0,MERCURIUS,IMO9580091,5BCU3,1004,0,180,30,,
367703090,2017-12-12T00:00:04,38.53864,-90.25571,0.0,11.0,511.0,JIM MARKO,,WDI4888,1025,0,20.24,7.3,,
366939130,2017-12-12T00:00:04,29.93447,-93.14750,3.4,272.6,511.0,GERARD D,,WTG3761,1025,0,18.35,7,,
367434340,2017-12-12T00:00:04,38.47932,-90.28096,0.0,299.0,511.0,COAL EXPRESS,IMO531050000,WDF3001,31,0,27,10,3.2,31
367519290,2017-12-12T00:00:05,36.82332,-76.28830,0.0,268.2,511.0,CAPT WOODY,,WDG2789,1025,12,16.43,6.1,,
636017455,2017-12-12T00:00:05,37.80205,-74.75971,13.6,205.4,205.0,SBI PHOEBE,IMO9704855,D5LA7,1004,0,199.99,,,
367005340,2017-12-12T00:00:06,29.70826,-95.04706,0.0,0.0,511.0,CREOLE CRUSADER,,WDC3291,1025,0,21.52,8.5,,
367748030,2017-12-12T00:00:04,29.73386,-95.13044,1.3,87.5,74.0,LAURA B,IMO9794214,WDI9376,1025,0,,,,
367458640,2017-12-12T00:00:06,24.77200,-80.56554,6.3,235.3,511.0,RIO BRAVO,IMO8333207,WDF5037,1025,0,30.46,9,,
367431060,2017-12-12T00:00:07,29.20977,-95.03972,6.3,56.0,511.0,BERNARD P,IMO8987371,WDF2713,1025,15,17.22,6.7,,
366986320,2017-12-12T00:00:06,38.57120,-90.23199,0.0,328.3,511.0,JILL CAROLYN,,WDC2001,1025,15,18.59,7.3,,
319589000,2017-12-12T00:00:07,26.13939,-80.10912,0.0,296.4,197.0,LORETTA ANNE,IMO1011800,ZGCA5,1019,5,47.1,9.19,,
367451560,2017-12-12T00:00:08,32.72391,-117.22455,0.0,19.4,511.0,ORCINIUS,,WDF4409,1019,,13.62,7.7,,
367598440,2017-12-12T00:00:07,29.54860,-89.80580,0.0,272.2,511.0,ELIE CHERAMIE,,WDH2520,1025,0,20.73,,,
366996770,2017-12-12T00:00:08,29.62531,-94.32277,3.9,62.4,511.0,LOUIE LEONE,,WDC2719,1025,0,31.55,9.8,,
367389230,2017-12-12T00:00:07,48.51926,-122.62369,0.0,283.6,348.0,GUEMES,,WDE7121,1012,15,37.8,10.2,,
367041530,2017-12-12T00:00:11,55.35047,-131.68317,0.0,0.0,511.0,HAIDA CHIEF,IMO7316381,WSB7849,1002,15,23.01,6.5,,
367157580,2017-12-12T00:00:00,57.78590,-152.41057,0.5,280.4,511.0,POINT OMEGA,,WDD5390,1001,,20.51,6.7,,
367005760,2017-12-12T00:00:00,32.38616,-90.88375,0.0,274.1,511.0,MELVIN L KING,,WUT9921,1025,0,23.68,9.8,,
367516690,2017-12-12T00:00:00,30.69446,-88.03482,0.0,298.8,511.0,PATOKA,,WDG2543,1025,0,24.72,,,
367431640,2017-12-12T00:00:00,29.67263,-91.22885,8.7,236.3,511.0,SEA BULL,,WDF2765,1025,15,18.29,7.3,,52
367702540,2017-12-12T00:00:00,30.66843,-88.02928,0.0,351.6,346.0,SAFETY STAR,,WDI4837,1025,0,21.34,8.5,,
338174000,2017-12-12T00:00:01,28.91663,-88.53837,1.9,37.9,18.0,MS CHARLOTTE,IMO9704269,WDH3574,1010,0,84.15,18.29,,
636016971,2017-12-12T00:00:01,25.43380,-90.45922,13.0,278.9,278.0,ARAGONA,IMO9729556,D5IQ9,1004,0,199.98,,,
316009547,2017-12-12T00:00:00,48.95403,-123.67545,9.0,43.1,42.0,KUPER,IMO9029267,CFN4618,1012,0,52.21,16.77,,
367482960,2017-12-12T00:00:02,26.25315,-80.09000,0.0,187.6,5.0,BRIER PATCH,,WDF7286,1019,0,21.95,,,
367375120,2017-12-12T00:00:01,60.54444,-145.76500,0.0,0.0,96.0,PACIFIC SOJOURN,IMO8856431,WDE6045,1001,0,18.35,7.32,,
367466930,2017-12-12T00:00:03,39.31243,-74.53851,0.0,317.7,511.0,SWIFT RUNNER,,WDF5760,1012,,14.17,4.4,,
367130910,2017-12-12T00:00:03,41.45560,-70.59940,0.1,72.0,262.0,ISLAND HOME,IMO9410478,WDD3413,1012,0,77.72,19.5,,
367109110,2017-12-12T00:00:03,29.05330,-90.10064,5.2,256.8,511.0,STONE EXPLORER,,WDC9954,1025,0,28.65,9.8,,
366425240,2017-12-12T00:00:02,46.90637,-124.10701,0.0,256.0,130.0,JAMIE MARIE,IMO8807296,WDE7178,1001,15,23.84,7.92,,
367483860,2017-12-12T00:00:04,29.04451,-90.14193,4.9,224.1,511.0,HOUMA,IMO8765943,WDF7373,1010,0,27.73,19.81,,
367015880,2017-12-12T00:00:00,41.63562,-70.91752,0.0,0.0,511.0,ROBERT IV,,WDC3892,1025,15,16.98,6.7,,
367309090,2017-12-12T00:00:00,29.10222,-94.84069,2.1,236.7,511.0,,,,,,,,,
338100616,2017-12-12T00:00:00,32.49697,-80.68005,0.0,24.5,511.0,,,,,,,,,
367581670,2017-12-12T00:00:00,33.99269,-88.51018,1.9,162.0,146.0,BIG A,,WDG8847,1025,0,30.33,10.2,,
367568020,2017-12-12T00:00:00,42.73307,-73.69155,0.0,250.4,511.0,FRANCES,IMO5119246,WDG7509,1025,0,25.85,,,
367642290,2017-12-12T00:00:00,37.91368,-122.35023,0.0,182.3,511.0,FERAL,,WDH6856,,,,,,
366983010,2017-12-12T00:00:01,30.05847,-93.62734,6.1,96.0,511.0,,,,,0,,,,
367552680,2017-12-12T00:00:00,29.95148,-90.38677,0.0,322.2,306.0,PAT GOLDING,,WDG6021,1025,0,27.49,,,
366962220,2017-12-12T00:00:01,31.12850,-81.51750,2.7,312.3,511.0,CAPE CHARLES,IMO7237509,WCJ9411,1025,0,30.71,9.45,,
338926281,2017-12-12T00:00:01,21.31552,-157.87777,3.8,213.1,511.0,,,,,15,,,,
366997750,2017-12-12T00:00:00,29.78692,-95.06917,1.1,59.9,511.0,FATHER SEELOS,IMO8991011,WDC2789,1025,0,22.56,10.06,,
367615820,2017-12-12T00:00:01,46.20578,-123.38676,0.0,0.0,511.0,,,,,0,,,,
367701130,2017-12-12T00:00:01,43.34457,-124.32083,0.0,56.9,511.0,CAP ELZA,,WDI4694,1001,,19.26,5.4,,
367029520,2017-12-12T00:00:02,41.28945,-72.36172,0.0,0.0,511.0,MICHIGAN,IMO8639388,WAM5786,1005,15,45.72,13.25,2.3,0
367630830,2017-12-12T00:00:02,29.17982,-95.09164,6.9,230.2,227.0,TUG DEVALL,,WDH5726,1025,15,19.51,,,
367568460,2017-12-12T00:00:02,41.04647,-73.13123,17.0,339.8,511.0,GRAND REPUBLIC,IMO8986145,WDG7555,1012,15,93.26,15.84,,
367643790,2017-12-12T00:00:02,26.08186,-80.11624,0.0,267.9,511.0,TATE MCALLISTER,IMO9743461,WDH7005,1025,0,28.34,11.51,,
367126910,2017-12-12T00:00:02,26.89894,-97.05611,3.1,196.9,511.0,HERMOSA CRUZ,IMO8854354,WDJ3460,1001,,21.34,6.1,,
316011730,2017-12-12T00:00:02,49.12814,-122.30156,0.0,29.4,35.0,,,,,0,,,,
367078420,2017-12-12T00:00:02,41.90684,-80.79470,0.0,0.0,511.0,,,,,5,,,,
367649360,2017-12-12T00:00:01,29.39719,-94.75631,0.1,234.0,46.0,SAMMY CENAC,,WDH7565,1025,0,21,,,
316003800,2017-12-12T00:00:01,48.90839,-123.07663,6.6,315.2,315.0,SEASPAN KING,IMO6823052,VGXJ,1025,0,40.59,10.22,,
338165129,2017-12-12T00:00:04,41.74803,-124.18340,0.0,196.5,511.0,,,,,15,,,,
373105000,2017-12-12T00:00:04,29.85252,-93.94552,9.6,219.6,221.0,,,,,0,,,,
366941870,2017-12-12T00:00:04,30.68411,-88.03735,0.0,312.8,2.0,SAN JOSE,,WCX2229,1025,0,18.9,7.9,,
538006302,2017-12-12T00:00:04,42.38693,-126.12245,13.6,359.0,358.0,SONGA PRIDE,IMO9693824,V7LM8,1024,0,,,,
